{"data_time": 0.007830513059161603, "eta_seconds": 6511.400812820066, "fast_rcnn/cls_accuracy": 0.96728515625, "fast_rcnn/false_negative": 0.6713717317165593, "fast_rcnn/fg_cls_accuracy": 0.3286282682834407, "iteration": 19, "loss_box_reg": 0.023021911270916462, "loss_cls": 0.10109205543994904, "loss_mask": 0.05331173539161682, "loss_rpn_cls": 0.06449120491743088, "loss_rpn_loc": 0.017444518394768238, "loss_sem_seg": 0.018511018715798855, "lr": 4.99525e-06, "mask_rcnn/accuracy": 0.8880844920385738, "mask_rcnn/false_negative": 0.07869140520805191, "mask_rcnn/false_positive": 0.12975312143037387, "roi_head/num_bg_samples": 492.25, "roi_head/num_fg_samples": 19.75, "rpn/num_neg_anchors": 248.25, "rpn/num_pos_anchors": 7.75, "time": 0.32589593657758087, "total_loss": 0.27812398597598076}
{"data_time": 0.007417692570015788, "eta_seconds": 6302.276100325398, "fast_rcnn/cls_accuracy": 0.9638671875, "fast_rcnn/false_negative": 0.7476470588235294, "fast_rcnn/fg_cls_accuracy": 0.25235294117647056, "iteration": 39, "loss_box_reg": 0.022426233626902103, "loss_cls": 0.1020909808576107, "loss_mask": 0.05637354589998722, "loss_rpn_cls": 0.04928613267838955, "loss_rpn_loc": 0.016815319657325745, "loss_sem_seg": 0.02002715691924095, "lr": 9.990249999999998e-06, "mask_rcnn/accuracy": 0.8928938942746012, "mask_rcnn/false_negative": 0.07308308804025723, "mask_rcnn/false_positive": 0.145360814869044, "roi_head/num_bg_samples": 492.0, "roi_head/num_fg_samples": 20.0, "rpn/num_neg_anchors": 246.5, "rpn/num_pos_anchors": 9.5, "time": 0.2751013379311189, "total_loss": 0.3192729940637946}
{"data_time": 0.006690602051094174, "eta_seconds": 5596.549328665715, "fast_rcnn/cls_accuracy": 0.9677734375, "fast_rcnn/false_negative": 0.6533333333333333, "fast_rcnn/fg_cls_accuracy": 0.3466666666666667, "iteration": 59, "loss_box_reg": 0.023967319168150425, "loss_cls": 0.09662467241287231, "loss_mask": 0.052742742002010345, "loss_rpn_cls": 0.06905455514788628, "loss_rpn_loc": 0.01778099127113819, "loss_sem_seg": 0.017471805214881897, "lr": 1.4985249999999999e-05, "mask_rcnn/accuracy": 0.8986444405348346, "mask_rcnn/false_negative": 0.06399959607121465, "mask_rcnn/false_positive": 0.12298340699034437, "roi_head/num_bg_samples": 491.25, "roi_head/num_fg_samples": 20.75, "rpn/num_neg_anchors": 247.0, "rpn/num_pos_anchors": 9.0, "time": 0.267472289968282, "total_loss": 0.30652969842776656}
{"data_time": 0.006528380909003317, "fast_rcnn/cls_accuracy": 0.9658203125, "fast_rcnn/false_negative": 0.6154461144867285, "fast_rcnn/fg_cls_accuracy": 0.3845538855132715, "iteration": 69, "loss_box_reg": 0.025813577696681023, "loss_cls": 0.1109779067337513, "loss_mask": 0.052318599075078964, "loss_rpn_cls": 0.06706381402909756, "loss_rpn_loc": 0.02278660051524639, "loss_sem_seg": 0.018007386475801468, "lr": 1.7482749999999998e-05, "mask_rcnn/accuracy": 0.8981616118669691, "mask_rcnn/false_negative": 0.06408899835203538, "mask_rcnn/false_positive": 0.1239453562720598, "roi_head/num_bg_samples": 488.25, "roi_head/num_fg_samples": 23.75, "rpn/num_neg_anchors": 245.5, "rpn/num_pos_anchors": 10.5, "time": 0.29081949940882623, "total_loss": 0.3254219018854201}
{"eta_seconds": 5687.379890092299, "iteration": 70}
